[{"id":4,"name":"客服部","desc":"接待 客户6666","time":1572939429299,"state":0},{"id":5,"name":"学习部","desc":"好好学习 天天向上","time":1575431436298,"state":0},{"id":6,"name":"交通","desc":"的发射点发射点","time":1575450797534,"state":0,"departmentId":"undefined"},{"id":7,"name":"小卖部","desc":"豆腐干山豆根是","time":1575450826967,"state":0,"departmentId":"undefined"},{"id":8,"name":"测试部分试试","desc":"自己的描述呀","time":1589196253706,"state":0},{"id":9,"name":"吃喝部","desc":"负责吃饭喝酒","time":"Wed Jun 10 2020 00:00:00 GMT 0800 (中国标准时间) : Wed Jun 10 2020 10:45:21 GMT 0800 (中国标准时间)","state":0},{"id":12,"name":"珠峰部","desc":"珠峰培训哈哈哈","time":"2020-6-10 : 11:31:7","state":0},{"id":13,"name":"更新之后的名字","desc":"委任他为是个是法国","time":"2019-12-31 : 23:12:21","state":1},{"id":14,"name":"新增1-更新66666","desc":"哈哈哈哈","time":"2019-12-31 : 23:12:21","state":0},{"id":15,"name":"新增2666666","desc":"给哈哈沙发是德国","time":"2019-12-31 : 23:12:21","state":0}]